{
    "node": [
        {
            "id": 0,
            "nama": "1",
            "x": 107.60846049940275,
            "y": -6.893823255271326
        },
        {
            "id": 1,
            "nama": "2",
            "x": 107.60822685201477,
            "y": -6.887826305646492
        },
        {
            "id": 2,
            "nama": "3",
            "x": 107.61147195462561,
            "y": -6.8872032459452095
        },
        {
            "id": 3,
            "nama": "4",
            "x": 107.61161637418684,
            "y": -6.884913888528425
        }
    ],
    "matrix": [
        [
            0,
            4,
            7,
            12
        ],
        [
            4,
            0,
            8,
            3
        ],
        [
            7,
            8,
            0,
            4
        ],
        [
            12,
            3,
            4,
            1
        ]
    ]
}